name,activation,solver,hidden_layer_sizes,alpha,learning_rate_init,mean_accuracy,mean_balanced_accuracy,mean_macro_f1,mean_weighted_f1,mean_n_train_original,mean_n_train_augmented,std_macro_f1,oof_accuracy,oof_balanced_accuracy,oof_macro_f1,oof_weighted_f1
"relu_adam__hls-(128,64,32)__alpha-0.001__lr-0.0001",relu,adam,"(128, 64, 32)",0.001,0.0001,0.7748440479669677,0.7668664387750793,0.70599094245943,0.7787984427256178,6742.222222222223,9685.333333333334,0.08473449851379357,0.7819380355965722,0.7899041187602358,0.7802999267350715,0.77853921301466
"relu_adam__hls-(128,64)__alpha-1e-05__lr-0.0001",relu,adam,"(128, 64)",1e-05,0.0001,0.7734315683059287,0.7679284004547454,0.7040192102904353,0.7774157490589414,6742.222222222223,9685.333333333334,0.08394214824358685,0.7800922874093605,0.7928739648959863,0.7797055967269299,0.7767081199166922
"relu_adam__hls-(128,64)__alpha-0.001__lr-0.0001",relu,adam,"(128, 64)",0.001,0.0001,0.7732413095540261,0.7678550388448738,0.7038569962828436,0.7772232250455434,6742.222222222223,9685.333333333334,0.08379646246699164,0.7799604482531312,0.7929184992179867,0.7796285888027553,0.7765724904387934
"tanh_adam__hls-(128,64,32)__alpha-0.0001__lr-0.0005",tanh,adam,"(128, 64, 32)",0.0001,0.0005,0.7731282882619079,0.7672411013516762,0.7136639114548131,0.7775122444260594,6742.222222222223,9685.333333333334,0.09581890815383694,0.7832564271588662,0.7822337389151479,0.7794846252733671,0.7802819309035857
"relu_adam__hls-(128,64)__alpha-0.0001__lr-0.0001",relu,adam,"(128, 64)",0.0001,0.0001,0.7732413095540261,0.7685223602066397,0.7034682958456494,0.7770829671895267,6742.222222222223,9685.333333333334,0.08351069532723804,0.7799604482531312,0.79317154475938,0.7793812296343299,0.7764583272507343
"relu_adam__hls-(128,64)__alpha-0.001__lr-0.001",relu,adam,"(128, 64)",0.001,0.001,0.7725104928738571,0.7535060644961714,0.7034775272243796,0.7765472283804306,6742.222222222223,9685.333333333334,0.08440739261498567,0.7799604482531312,0.7799898876460177,0.7781841621662231,0.7776247310327685
"relu_adam__hls-(128,64,32)__alpha-0.0001__lr-0.0005",relu,adam,"(128, 64, 32)",0.0001,0.0005,0.7721237217100814,0.7630897257032171,0.7081327437121151,0.7762220426537902,6742.222222222223,9685.333333333334,0.09059682540145211,0.7812788398154252,0.7805434077391374,0.778061700272694,0.7781059735172385
"relu_adam__hls-(128,)__alpha-1e-05__lr-0.001",relu,adam,"(128,)",1e-05,0.001,0.7714088250059263,0.756338348558911,0.7021983556994672,0.7754458673169984,6742.222222222223,9685.333333333334,0.08369495844431102,0.7804878048780488,0.7847889830496221,0.7780415589592355,0.7776176075547205
"relu_adam__hls-(128,64)__alpha-0.0001__lr-0.001",relu,adam,"(128, 64)",0.0001,0.001,0.7731790443256251,0.7561385179878704,0.703722544125474,0.7766797990758965,6742.222222222223,9685.333333333334,0.08846002530389559,0.7806196440342782,0.7806714914413883,0.7779541725696998,0.7777460671281178
"tanh_adam__hls-(128,64,32)__alpha-1e-05__lr-0.0005",tanh,adam,"(128, 64, 32)",1e-05,0.0005,0.7722006444771213,0.7675101138713943,0.7129915203151155,0.7766400880039565,6742.222222222223,9685.333333333334,0.09546132125274105,0.7820698747528015,0.7801229076065639,0.777917957612353,0.7789967710479305
"relu_adam__hls-(128,64,32)__alpha-0.001__lr-0.0005",relu,adam,"(128, 64, 32)",0.001,0.0005,0.771396978631655,0.7615227546806443,0.7056662472934474,0.7754165034407995,6742.222222222223,9685.333333333334,0.08705395381395747,0.7799604482531312,0.7825153403584792,0.7778876374313858,0.7770138271186179
"tanh_adam__hls-(128,64,32)__alpha-0.001__lr-0.0005",tanh,adam,"(128, 64, 32)",0.001,0.0005,0.7717807381439136,0.7704370262387658,0.7125923763410024,0.7762325752961066,6742.222222222223,9685.333333333334,0.09561985107495588,0.7818061964403428,0.7807117737736112,0.7778174375426478,0.7786742073723011
"relu_adam__hls-(128,)__alpha-0.001__lr-0.001",relu,adam,"(128,)",0.001,0.001,0.7720833432118136,0.7577805788746875,0.7019188340996485,0.7760437010111524,6742.222222222223,9685.333333333334,0.08352388159230667,0.7800922874093605,0.7874007001203416,0.7776154718227409,0.7766722662245127
"relu_adam__hls-(128,64,32)__alpha-1e-05__lr-0.0005",relu,adam,"(128, 64, 32)",1e-05,0.0005,0.7727047367089317,0.7605420143792195,0.7046886851330515,0.7766969428208723,6742.222222222223,9685.333333333334,0.0842793843708818,0.7796967699406724,0.7828113770344548,0.7775095291194856,0.776664480294744
"relu_adam__hls-(128,64,32)__alpha-0.0001__lr-0.0001",relu,adam,"(128, 64, 32)",0.0001,0.0001,0.7734824246102486,0.7695132372404139,0.7061570067465526,0.7777068080298182,6742.222222222223,9685.333333333334,0.08433012523663594,0.779564930784443,0.7852798818122059,0.7773498144470177,0.7765191854799707
"relu_adam__hls-(128,64)__alpha-0.001__lr-0.0005",relu,adam,"(128, 64)",0.001,0.0005,0.7728827629888464,0.752778584387171,0.7014322139620134,0.7776810455589701,6742.222222222223,9685.333333333334,0.09227930370646256,0.7804878048780488,0.7843622455666959,0.7772428321933059,0.7771084658726523
"relu_adam__hls-(128,64)__alpha-1e-05__lr-0.001",relu,adam,"(128, 64)",1e-05,0.001,0.7721182729490899,0.7592017781170246,0.7016087217346185,0.7758310414656465,6742.222222222223,9685.333333333334,0.08891619179714906,0.7807514831905076,0.7799610937367368,0.7770841452247723,0.7775808037391007
"relu_adam__hls-(128,64)__alpha-1e-05__lr-0.0005",relu,adam,"(128, 64)",1e-05,0.0005,0.7725336343328594,0.7558759277197927,0.7008277971285157,0.7769986334991537,6742.222222222223,9685.333333333334,0.08894412717188287,0.7799604482531312,0.7882087372668438,0.7770133349708336,0.7760970852876333
"relu_adam__hls-(64,)__alpha-1e-05__lr-0.001",relu,adam,"(64,)",1e-05,0.001,0.7719842164233989,0.7693279366489477,0.700892506657771,0.7755439289331366,6742.222222222223,9685.333333333334,0.0786974078847053,0.778905735003296,0.7888333035961089,0.7767671071237938,0.7755791664166488
"relu_adam__hls-(128,)__alpha-0.0001__lr-0.001",relu,adam,"(128,)",0.0001,0.001,0.7710454393457449,0.758019037859305,0.7013787723026249,0.7750188290701453,6742.222222222223,9685.333333333334,0.085245478945995,0.7796967699406724,0.7858468350684267,0.7766535691629356,0.7762572344803976
"relu_adam__hls-(64,)__alpha-0.0001__lr-0.001",relu,adam,"(64,)",0.0001,0.001,0.7705062364599642,0.7677008883576851,0.7010473648919038,0.7746046214717567,6742.222222222223,9685.333333333334,0.07934282379087192,0.7778510217534608,0.7872484221596631,0.7760651765550024,0.7746065901641651
"relu_adam__hls-(128,64,32)__alpha-1e-05__lr-0.0001",relu,adam,"(128, 64, 32)",1e-05,0.0001,0.7713470099704799,0.7681354264901867,0.7037855542592811,0.7757416211276432,6742.222222222223,9685.333333333334,0.08289652458004666,0.777587343441002,0.7838256488097752,0.775572603107557,0.7747382352308825
"relu_adam__hls-(64,)__alpha-0.001__lr-0.001",relu,adam,"(64,)",0.001,0.001,0.7703901121350388,0.7644755784327623,0.6965405380012116,0.7741221846311289,6742.222222222223,9685.333333333334,0.07986200896990947,0.777587343441002,0.7871235689028435,0.775492545012764,0.7743824481301576
"relu_adam__hls-(128,)__alpha-0.0001__lr-0.0005",relu,adam,"(128,)",0.0001,0.0005,0.7715993985902649,0.7641642487172923,0.7024603657291745,0.7758757698218884,6742.222222222223,9685.333333333334,0.08507724139878602,0.7782465392221489,0.7872656507453754,0.7754229439304763,0.774754829675925
"relu_adam__hls-(128,)__alpha-0.001__lr-0.0005",relu,adam,"(128,)",0.001,0.0005,0.770939781979732,0.7637353363883278,0.7021329717349158,0.7751984606346026,6742.222222222223,9685.333333333334,0.08697656710611282,0.7781147000659195,0.7877973776149759,0.7753640159297005,0.7746679025063855
"tanh_adam__hls-(128,)__alpha-1e-05__lr-0.001",tanh,adam,"(128,)",1e-05,0.001,0.7684357029674813,0.757347924232723,0.7009966618620358,0.7732394254991789,6742.222222222223,9685.333333333334,0.08410608720202796,0.7783783783783784,0.7782834315894254,0.7750040660010851,0.7757019549245042
"tanh_adam__hls-(128,)__alpha-0.0001__lr-0.001",tanh,adam,"(128,)",0.0001,0.001,0.7684357029674813,0.757347924232723,0.7009966618620358,0.7732394254991789,6742.222222222223,9685.333333333334,0.08410608720202796,0.7783783783783784,0.7782834315894254,0.7750040660010851,0.7757019549245042
"relu_adam__hls-(128,64)__alpha-0.0001__lr-0.0005",relu,adam,"(128, 64)",0.0001,0.0005,0.7716857005065714,0.7505836682023477,0.7034408006703248,0.7766646752602608,6742.222222222223,9685.333333333334,0.08740869380492705,0.7765326301911668,0.7780928286395457,0.7747596151352407,0.7742126405127194
"tanh_adam__hls-(128,)__alpha-0.001__lr-0.001",tanh,adam,"(128,)",0.001,0.001,0.7680468441180075,0.7568424805416274,0.7006485813013447,0.7728438273792875,6742.222222222223,9685.333333333334,0.08445717664515724,0.7781147000659195,0.7780935725280574,0.7747116373239935,0.7754377404511696
"relu_adam__hls-(128,)__alpha-1e-05__lr-0.0005",relu,adam,"(128,)",1e-05,0.0005,0.7698692260818534,0.7602765930228991,0.699836833881185,0.7743784826536165,6742.222222222223,9685.333333333334,0.08631373623892359,0.7774555042847726,0.7867995605532531,0.7746334308802525,0.7739541557419344
"tanh_adam__hls-(128,64,32)__alpha-0.0001__lr-0.001",tanh,adam,"(128, 64, 32)",0.0001,0.001,0.7699217596405339,0.7593934835178592,0.7039013938543136,0.7737879472541168,6742.222222222223,9685.333333333334,0.09393277335896268,0.7802241265655899,0.7830320070022923,0.7739941838289465,0.7759124438033336
"tanh_adam__hls-(128,64,32)__alpha-1e-05__lr-0.001",tanh,adam,"(128, 64, 32)",1e-05,0.001,0.7695412421367287,0.7588790802256782,0.7035298726832938,0.7734466017145277,6742.222222222223,9685.333333333334,0.09373302181536709,0.7799604482531312,0.7827575832920837,0.7737576241615691,0.7756707014520405
"relu_adam__hls-(64,32)__alpha-0.0001__lr-0.001",relu,adam,"(64, 32)",0.0001,0.001,0.7698173635832612,0.7600493070196269,0.698205608387404,0.7733427246694002,6742.222222222223,9685.333333333334,0.083960126883587,0.7770599868160843,0.7789981550254403,0.7735899915936799,0.7741883458336044
"tanh_adam__hls-(128,64)__alpha-1e-05__lr-0.001",tanh,adam,"(128, 64)",1e-05,0.001,0.7706376568961802,0.7547164145229277,0.7024217635700095,0.7747647941096976,6742.222222222223,9685.333333333334,0.08789796948101591,0.777587343441002,0.7778778024139655,0.7734582451613488,0.7744946794670653
"tanh_adam__hls-(128,64)__alpha-0.0001__lr-0.001",tanh,adam,"(128, 64)",0.0001,0.001,0.7706376568961802,0.7547164145229277,0.7024217635700095,0.7747647941096976,6742.222222222223,9685.333333333334,0.08789796948101591,0.777587343441002,0.7778778024139655,0.7734582451613488,0.7744946794670653
"relu_adam__hls-(64,32)__alpha-0.001__lr-0.001",relu,adam,"(64, 32)",0.001,0.001,0.7701075388415837,0.7702973604689317,0.7022623495221101,0.7731328489844352,6742.222222222223,9685.333333333334,0.08265299990334922,0.7766644693473962,0.7796757056644881,0.7734049154662879,0.773690964362018
"tanh_adam__hls-(128,64)__alpha-1e-05__lr-0.0005",tanh,adam,"(128, 64)",1e-05,0.0005,0.7684382563000269,0.745508622326333,0.6935891887614223,0.772802646221716,6742.222222222223,9685.333333333334,0.0884191658808886,0.777587343441002,0.7778488330039589,0.7733354036128819,0.7744753556211688
"tanh_adam__hls-(128,64)__alpha-0.0001__lr-0.0005",tanh,adam,"(128, 64)",0.0001,0.0005,0.7684382563000269,0.745508622326333,0.6935891887614223,0.772802646221716,6742.222222222223,9685.333333333334,0.0884191658808886,0.777587343441002,0.7778488330039589,0.7733354036128819,0.7744753556211688
"tanh_adam__hls-(128,64)__alpha-0.001__lr-0.0005",tanh,adam,"(128, 64)",0.001,0.0005,0.7684382563000269,0.745508622326333,0.6935891887614223,0.772802646221716,6742.222222222223,9685.333333333334,0.0884191658808886,0.777587343441002,0.7778488330039589,0.7733354036128819,0.7744753556211688
"tanh_adam__hls-(128,64,32)__alpha-0.001__lr-0.001",tanh,adam,"(128, 64, 32)",0.001,0.001,0.7684916887275848,0.7570241470151268,0.7016756355100562,0.7727212448259868,6742.222222222223,9685.333333333334,0.0946002313642666,0.7791694133157547,0.7821740924182995,0.7729374168957991,0.7747255003735116
"tanh_adam__hls-(128,64)__alpha-0.001__lr-0.001",tanh,adam,"(128, 64)",0.001,0.001,0.7697669366851038,0.7522859778463725,0.7012933076215762,0.7739909407829447,6742.222222222223,9685.333333333334,0.08714618963774089,0.776928147659855,0.7764458420388727,0.7727704605820609,0.7739379870828693
"relu_adam__hls-(64,)__alpha-0.0001__lr-0.0005",relu,adam,"(64,)",0.0001,0.0005,0.7682703023110912,0.7627848394212136,0.6962656266548934,0.7723309126906849,6742.222222222223,9685.333333333334,0.07814541740540067,0.7746868820039552,0.7870071601056925,0.7727658861410205,0.7712687535114076
"relu_adam__hls-(64,)__alpha-0.001__lr-0.0005",relu,adam,"(64,)",0.001,0.0005,0.7676257058408598,0.7624442895447445,0.6968351273712347,0.7716765782928889,6742.222222222223,9685.333333333334,0.0778229209124342,0.7742913645352669,0.7860502979130428,0.7724301502831517,0.7710430145822782
"relu_adam__hls-(64,)__alpha-1e-05__lr-0.0005",relu,adam,"(64,)",1e-05,0.0005,0.7680080674773653,0.7630990964074219,0.6962584515567507,0.7720755338354783,6742.222222222223,9685.333333333334,0.0779858422832987,0.7742913645352669,0.7865766081492271,0.7723963533478984,0.7709527994395834
"tanh_adam__hls-(64,32)__alpha-1e-05__lr-0.0005",tanh,adam,"(64, 32)",1e-05,0.0005,0.7674946472714438,0.7494338353389141,0.6950025681053797,0.7718596898184087,6742.222222222223,9685.333333333334,0.08753494728100765,0.7761371127224785,0.7784011346339766,0.7720890853714869,0.7730110956428603
"tanh_adam__hls-(64,32)__alpha-0.0001__lr-0.0005",tanh,adam,"(64, 32)",0.0001,0.0005,0.7674946472714438,0.7494338353389141,0.6950025681053797,0.7718596898184087,6742.222222222223,9685.333333333334,0.08753494728100765,0.7761371127224785,0.7784011346339766,0.7720890853714869,0.7730110956428603
"relu_adam__hls-(64,32)__alpha-0.0001__lr-0.0001",relu,adam,"(64, 32)",0.0001,0.0001,0.7675177922531602,0.7636447995980321,0.6949906907173894,0.771383439397746,6742.222222222223,9685.333333333334,0.07804540142019196,0.7737640079103494,0.7884630274457732,0.7719541511905148,0.7700232051972142
"relu_adam__hls-(64,32)__alpha-1e-05__lr-0.001",relu,adam,"(64, 32)",1e-05,0.001,0.7677332540941215,0.7608960537795811,0.6995115460168309,0.7715861843333437,6742.222222222223,9685.333333333334,0.08182873295763267,0.7742913645352669,0.7755532233588665,0.7717495315637822,0.7718568708436001
"relu_adam__hls-(64,32)__alpha-0.001__lr-0.0001",relu,adam,"(64, 32)",0.001,0.0001,0.7676624600996915,0.769072089124128,0.6972669971832244,0.7715829717138845,6742.222222222223,9685.333333333334,0.07842158645773083,0.7738958470665788,0.7873090937180032,0.7716959314521621,0.7701987621890144
"relu_adam__hls-(128,64,32)__alpha-0.001__lr-0.001",relu,adam,"(128, 64, 32)",0.001,0.001,0.7718975150226913,0.7657576526178356,0.7004679522706275,0.7759580864129688,6742.222222222223,9685.333333333334,0.09003786197177405,0.7752142386288727,0.784076132908429,0.7714440967654078,0.7711664555081104
"tanh_adam__hls-(64,32)__alpha-1e-05__lr-0.001",tanh,adam,"(64, 32)",1e-05,0.001,0.7680644067581167,0.74998955390274,0.696774669127157,0.7722753182677748,6742.222222222223,9685.333333333334,0.08467032202656569,0.7760052735662492,0.7750240367655409,0.7712559663414429,0.7729878661071414
"tanh_adam__hls-(64,32)__alpha-0.0001__lr-0.001",tanh,adam,"(64, 32)",0.0001,0.001,0.7680644067581167,0.74998955390274,0.696774669127157,0.7722753182677748,6742.222222222223,9685.333333333334,0.08467032202656569,0.7760052735662492,0.7750240367655409,0.7712559663414429,0.7729878661071414
"relu_adam__hls-(64,)__alpha-1e-05__lr-0.0001",relu,adam,"(64,)",1e-05,0.0001,0.7659196143652729,0.7755090010972322,0.6932300289069631,0.768663567434923,6742.222222222223,9685.333333333334,0.07944614241482191,0.771654581410679,0.8019381580220766,0.7712335303677261,0.7659406538327482
"relu_adam__hls-(64,)__alpha-0.0001__lr-0.0001",relu,adam,"(64,)",0.0001,0.0001,0.7659196143652729,0.7755090010972322,0.6932300289069631,0.768663567434923,6742.222222222223,9685.333333333334,0.07944614241482191,0.771654581410679,0.8019381580220766,0.7712335303677261,0.7659406538327482
"relu_adam__hls-(64,)__alpha-0.001__lr-0.0001",relu,adam,"(64,)",0.001,0.0001,0.7659196143652729,0.7755090010972322,0.6932300289069631,0.768663567434923,6742.222222222223,9685.333333333334,0.07944614241482191,0.771654581410679,0.8019381580220766,0.7712335303677261,0.7659406538327482
"tanh_adam__hls-(100,)__alpha-0.0001__lr-0.001",tanh,adam,"(100,)",0.0001,0.001,0.7652619765870547,0.7415573765933772,0.6939389931366642,0.7702588178479082,6742.222222222223,9685.333333333334,0.0818354678755428,0.7741595253790375,0.7752892062083745,0.7711801643673525,0.7715978612356996
"tanh_adam__hls-(100,)__alpha-0.001__lr-0.001",tanh,adam,"(100,)",0.001,0.001,0.7652619765870547,0.7415573765933772,0.6939389931366642,0.7702588178479082,6742.222222222223,9685.333333333334,0.0818354678755428,0.7741595253790375,0.7752892062083745,0.7711801643673525,0.7715978612356996
"tanh_adam__hls-(100,)__alpha-1e-05__lr-0.001",tanh,adam,"(100,)",1e-05,0.001,0.7651589050554117,0.7414846598976238,0.6938151528141288,0.7701629187371435,6742.222222222223,9685.333333333334,0.0817495841413571,0.7740276862228082,0.7751974294095493,0.7710648466540857,0.7714570391640001
"relu_adam__hls-(64,32)__alpha-1e-05__lr-0.0001",relu,adam,"(64, 32)",1e-05,0.0001,0.7670986831135049,0.7631333543010521,0.694106754092705,0.7709229644451379,6742.222222222223,9685.333333333334,0.07706154659796807,0.7728411338167436,0.787982777186809,0.7709864500074587,0.7690812951778886
"relu_adam__hls-(64,32)__alpha-0.001__lr-0.0005",relu,adam,"(64, 32)",0.001,0.0005,0.7692844213760253,0.7600870721164316,0.6961344682891624,0.7728521346763846,6742.222222222223,9685.333333333334,0.07491206051236672,0.7746868820039552,0.7807249455452898,0.7709715454710161,0.7715491034672874
"tanh_adam__hls-(64,32)__alpha-0.001__lr-0.001",tanh,adam,"(64, 32)",0.001,0.001,0.766925362044553,0.7499916643007107,0.6995259372461812,0.7713117263171079,6742.222222222223,9685.333333333334,0.08626412130604391,0.7753460777851022,0.7739095031392161,0.7709321782746933,0.7725329266363815
"relu_adam__hls-(100,)__alpha-0.001__lr-0.001",relu,adam,"(100,)",0.001,0.001,0.7657507350881836,0.7432207691910968,0.6910885506115869,0.7698930426268134,6742.222222222223,9685.333333333334,0.08361912312599586,0.7737640079103494,0.7785483579441221,0.7704904174774774,0.770630973492168
"relu_adam__hls-(128,)__alpha-1e-05__lr-0.0001",relu,adam,"(128,)",1e-05,0.0001,0.7670429360315238,0.7635851089442246,0.6945289365828956,0.7709306378840198,6742.222222222223,9685.333333333334,0.08038855724983227,0.7715227422544496,0.7945304804375983,0.7704430920305883,0.7668208983663037
"relu_adam__hls-(128,)__alpha-0.0001__lr-0.0001",relu,adam,"(128,)",0.0001,0.0001,0.7670429360315238,0.7635851089442246,0.6945289365828956,0.7709306378840198,6742.222222222223,9685.333333333334,0.08038855724983227,0.7715227422544496,0.7945304804375983,0.7704430920305883,0.7668208983663037
"relu_adam__hls-(128,)__alpha-0.001__lr-0.0001",relu,adam,"(128,)",0.001,0.0001,0.7670429360315238,0.7635867680619058,0.6944311529926045,0.7709294365655792,6742.222222222223,9685.333333333334,0.080310358326776,0.7715227422544496,0.7945759154938774,0.7704011443602492,0.7667996586439463
"tanh_adam__hls-(128,)__alpha-1e-05__lr-0.0001",tanh,adam,"(128,)",1e-05,0.0001,0.765272485452194,0.767617063110037,0.6900707722356603,0.7685945571960838,6742.222222222223,9685.333333333334,0.0797459399036755,0.7705998681608438,0.8045555851718557,0.7702930357134201,0.7647253935102986
"tanh_adam__hls-(128,)__alpha-0.0001__lr-0.0001",tanh,adam,"(128,)",0.0001,0.0001,0.765272485452194,0.767617063110037,0.6900707722356603,0.7685945571960838,6742.222222222223,9685.333333333334,0.0797459399036755,0.7705998681608438,0.8045555851718557,0.7702930357134201,0.7647253935102986
"tanh_adam__hls-(128,)__alpha-0.001__lr-0.0001",tanh,adam,"(128,)",0.001,0.0001,0.765272485452194,0.767617063110037,0.6900707722356603,0.7685945571960838,6742.222222222223,9685.333333333334,0.0797459399036755,0.7705998681608438,0.8045555851718557,0.7702930357134201,0.7647253935102986
"relu_adam__hls-(100,)__alpha-1e-05__lr-0.0005",relu,adam,"(100,)",1e-05,0.0005,0.7637903203078042,0.744970681581433,0.6896376843003318,0.7683144296532879,6742.222222222223,9685.333333333334,0.08230305071426128,0.7713909030982202,0.7823059134906543,0.7691860704985639,0.7680680438470432
"relu_adam__hls-(100,)__alpha-0.0001__lr-0.0005",relu,adam,"(100,)",0.0001,0.0005,0.7645253486217795,0.745031688898014,0.6892259746790993,0.7690426116106353,6742.222222222223,9685.333333333334,0.08111868996073562,0.771654581410679,0.7816715884593732,0.7688734292228787,0.7681659206351329
"tanh_adam__hls-(64,)__alpha-1e-05__lr-0.001",tanh,adam,"(64,)",1e-05,0.001,0.767392665038289,0.7452411932477727,0.6958463764329677,0.7721826973472677,6742.222222222223,9685.333333333334,0.087581046668624,0.7723137771918259,0.7790067022155507,0.7687385944047592,0.7692660080702723
"tanh_adam__hls-(64,)__alpha-0.0001__lr-0.001",tanh,adam,"(64,)",0.0001,0.001,0.767392665038289,0.7452411932477727,0.6958463764329677,0.7721826973472677,6742.222222222223,9685.333333333334,0.087581046668624,0.7723137771918259,0.7790067022155507,0.7687385944047592,0.7692660080702723
"tanh_adam__hls-(64,)__alpha-0.001__lr-0.001",tanh,adam,"(64,)",0.001,0.001,0.767392665038289,0.7452411932477727,0.6958463764329677,0.7721826973472677,6742.222222222223,9685.333333333334,0.087581046668624,0.7723137771918259,0.7790067022155507,0.7687385944047592,0.7692660080702723
"tanh_adam__hls-(128,64)__alpha-1e-05__lr-0.0001",tanh,adam,"(128, 64)",1e-05,0.0001,0.7643870515737103,0.7597796773190925,0.6931565793681536,0.7681294057880432,6742.222222222223,9685.333333333334,0.08191844246786191,0.7704680290046144,0.7930755629943405,0.7687357227774498,0.7653957839862021
"relu_adam__hls-(64,32)__alpha-1e-05__lr-0.0005",relu,adam,"(64, 32)",1e-05,0.0005,0.7667847593930622,0.7612523363807768,0.6941149702638008,0.7704473426129113,6742.222222222223,9685.333333333334,0.074978111488775,0.7712590639419907,0.7789490585835706,0.7687095614365042,0.7685366872913763
"tanh_adam__hls-(128,64)__alpha-0.0001__lr-0.0001",tanh,adam,"(128, 64)",0.0001,0.0001,0.7639747654471384,0.7595188910251796,0.6925191549874683,0.7676663119380338,6742.222222222223,9685.333333333334,0.08142895486148877,0.7699406723796968,0.7947209290317432,0.7685892062244888,0.7647515824165778
"tanh_adam__hls-(128,64)__alpha-0.001__lr-0.0001",tanh,adam,"(128, 64)",0.001,0.0001,0.7639747654471384,0.7595188910251796,0.6925191549874683,0.7676663119380338,6742.222222222223,9685.333333333334,0.08142895486148877,0.7699406723796968,0.7947209290317432,0.7685892062244888,0.7647515824165778
"relu_adam__hls-(100,)__alpha-1e-05__lr-0.0001",relu,adam,"(100,)",1e-05,0.0001,0.763012579417492,0.7660165861282006,0.6911204328038613,0.7671227444353901,6742.222222222223,9685.333333333334,0.07652070557579767,0.7687541199736322,0.7903831494163247,0.7685553207620841,0.7646822716822784
"relu_adam__hls-(100,)__alpha-0.0001__lr-0.0001",relu,adam,"(100,)",0.0001,0.0001,0.763012579417492,0.7660165861282006,0.6911204328038613,0.7671227444353901,6742.222222222223,9685.333333333334,0.07652070557579767,0.7687541199736322,0.7903831494163247,0.7685553207620841,0.7646822716822784
"relu_adam__hls-(100,)__alpha-0.001__lr-0.0001",relu,adam,"(100,)",0.001,0.0001,0.763012579417492,0.7660165861282006,0.6911204328038613,0.7671227444353901,6742.222222222223,9685.333333333334,0.07652070557579767,0.7687541199736322,0.7903831494163247,0.7685553207620841,0.7646822716822784
"tanh_adam__hls-(128,64,32)__alpha-0.001__lr-0.0001",tanh,adam,"(128, 64, 32)",0.001,0.0001,0.7643695140833542,0.7605431766920242,0.6967168113926231,0.7689753752250532,6742.222222222223,9685.333333333334,0.08285995528209243,0.7723137771918259,0.783303503477709,0.7683662923927684,0.7678879953459666
"tanh_adam__hls-(64,32)__alpha-0.001__lr-0.0005",tanh,adam,"(64, 32)",0.001,0.0005,0.7634334281146254,0.7501952352785813,0.6946923746066459,0.7686011663122891,6742.222222222223,9685.333333333334,0.08722348860650773,0.771654581410679,0.772282015711491,0.7680842184081859,0.7691849169897624
"relu_adam__hls-(100,)__alpha-0.001__lr-0.0005",relu,adam,"(100,)",0.001,0.0005,0.7624843393334645,0.7440176000477242,0.6889818216342634,0.7673331649767262,6742.222222222223,9685.333333333334,0.08318206725235702,0.7707317073170732,0.779964567872921,0.7680558704633271,0.7674527205991976
"tanh_adam__hls-(128,64,32)__alpha-1e-05__lr-0.0001",tanh,adam,"(128, 64, 32)",1e-05,0.0001,0.763988996579549,0.7621328832817308,0.6966159141539252,0.7685531478490163,6742.222222222223,9685.333333333334,0.0828230251837483,0.7720500988793672,0.7837371361807896,0.7680182843094286,0.7675092321106125
"tanh_adam__hls-(128,64,32)__alpha-0.0001__lr-0.0001",tanh,adam,"(128, 64, 32)",0.0001,0.0001,0.763988996579549,0.7621328832817308,0.6966159141539252,0.7685531478490163,6742.222222222223,9685.333333333334,0.0828230251837483,0.7720500988793672,0.7837371361807896,0.7680182843094286,0.7675092321106125
"tanh_adam__hls-(64,)__alpha-1e-05__lr-0.0001",tanh,adam,"(64,)",1e-05,0.0001,0.7624284534267827,0.7751231094180724,0.6903987720629569,0.7655628948606031,6742.222222222223,9685.333333333334,0.07495461413317145,0.7667765326301912,0.8017143106121007,0.7677935612660765,0.7612707125250012
"tanh_adam__hls-(64,)__alpha-0.0001__lr-0.0001",tanh,adam,"(64,)",0.0001,0.0001,0.7624284534267827,0.7751231094180724,0.6903987720629569,0.7655628948606031,6742.222222222223,9685.333333333334,0.07495461413317145,0.7667765326301912,0.8017143106121007,0.7677935612660765,0.7612707125250012
"tanh_adam__hls-(64,)__alpha-0.001__lr-0.0001",tanh,adam,"(64,)",0.001,0.0001,0.7624284534267827,0.7751231094180724,0.6903987720629569,0.7655628948606031,6742.222222222223,9685.333333333334,0.07495461413317145,0.7667765326301912,0.8017143106121007,0.7677935612660765,0.7612707125250012
"relu_adam__hls-(100,)__alpha-1e-05__lr-0.001",relu,adam,"(100,)",1e-05,0.001,0.7630797994080729,0.7593863639658814,0.6931530496294841,0.7674070945284689,6742.222222222223,9685.333333333334,0.076217781227576,0.7702043506921555,0.775338426725892,0.7673215607873143,0.7673120651656006
"tanh_adam__hls-(128,)__alpha-1e-05__lr-0.0005",tanh,adam,"(128,)",1e-05,0.0005,0.7635222210736836,0.7551352978413868,0.6940665085592286,0.7691781537597309,6742.222222222223,9685.333333333334,0.08447948170056394,0.7702043506921555,0.777302353848331,0.7672568220190121,0.767147164319836
"relu_adam__hls-(100,)__alpha-0.0001__lr-0.001",relu,adam,"(100,)",0.0001,0.001,0.7632861713374207,0.7599143114527507,0.6932317364163185,0.7674383194758072,6742.222222222223,9685.333333333334,0.07681185043065207,0.7705998681608438,0.77470435997575,0.7669523133787082,0.7675326522795592
"relu_adam__hls-(64,32)__alpha-0.0001__lr-0.0005",relu,adam,"(64, 32)",0.0001,0.0005,0.7661467183985613,0.7631896866738082,0.694412046368094,0.7701850048939506,6742.222222222223,9685.333333333334,0.07416811513559952,0.7708635464733026,0.7757001232397653,0.7668764200900786,0.7680110560886759
"tanh_adam__hls-(128,)__alpha-0.001__lr-0.0005",tanh,adam,"(128,)",0.001,0.0005,0.763033598295429,0.7557622409196088,0.6941524799356844,0.7688107255432045,6742.222222222223,9685.333333333334,0.0836923858815316,0.7694133157547791,0.7762127778437488,0.7667344720303055,0.766484864438855
"tanh_adam__hls-(128,)__alpha-0.0001__lr-0.0005",tanh,adam,"(128,)",0.0001,0.0005,0.7627544246494212,0.7549548662159867,0.693805843464493,0.7685274189932737,6742.222222222223,9685.333333333334,0.08428257163322993,0.7692814765985497,0.7761992661820352,0.7665778947739231,0.7664108958532668
"tanh_adam__hls-(64,)__alpha-1e-05__lr-0.0005",tanh,adam,"(64,)",1e-05,0.0005,0.7613381673861687,0.7563242794929174,0.693445635800803,0.7664949712376798,6742.222222222223,9685.333333333334,0.08624754719615292,0.7691496374423203,0.7783004060307734,0.76652322888591,0.7661244339816056
"tanh_adam__hls-(64,)__alpha-0.0001__lr-0.0005",tanh,adam,"(64,)",0.0001,0.0005,0.7613381673861687,0.7563242794929174,0.693445635800803,0.7664949712376798,6742.222222222223,9685.333333333334,0.08624754719615292,0.7691496374423203,0.7783004060307734,0.76652322888591,0.7661244339816056
"tanh_adam__hls-(64,)__alpha-0.001__lr-0.0005",tanh,adam,"(64,)",0.001,0.0005,0.7606371917385785,0.759030284304182,0.6935188722731139,0.7657151525258299,6742.222222222223,9685.333333333334,0.08625255598907469,0.7682267633487145,0.7790545343252598,0.7659620201569386,0.765103693498563
"tanh_adam__hls-(100,)__alpha-1e-05__lr-0.0005",tanh,adam,"(100,)",1e-05,0.0005,0.7614547273936757,0.74714974888734,0.6883605878193215,0.766393303403961,6742.222222222223,9685.333333333334,0.08025008560735707,0.7691496374423203,0.7766513775363701,0.7650357258410908,0.765574667204485
"tanh_adam__hls-(100,)__alpha-0.0001__lr-0.0005",tanh,adam,"(100,)",0.0001,0.0005,0.7614547273936757,0.74714974888734,0.6883605878193215,0.766393303403961,6742.222222222223,9685.333333333334,0.08025008560735707,0.7691496374423203,0.7766513775363701,0.7650357258410908,0.765574667204485
"tanh_adam__hls-(100,)__alpha-0.001__lr-0.0005",tanh,adam,"(100,)",0.001,0.0005,0.7612644686417731,0.7464871039191395,0.6882212598029288,0.766334492534632,6742.222222222223,9685.333333333334,0.08020420446155838,0.769017798286091,0.7763519902524304,0.7649874150970817,0.7655270036847858
"relu_adam__hls-(128,64,32)__alpha-0.0001__lr-0.001",relu,adam,"(128, 64, 32)",0.0001,0.001,0.763126346616228,0.7580419452867353,0.7035474799528993,0.76874306546597,6742.222222222223,9685.333333333334,0.09967116851975703,0.7711272247857613,0.7688193461953357,0.7646713196494257,0.7676344484367317
"relu_adam__hls-(128,64,32)__alpha-1e-05__lr-0.001",relu,adam,"(128, 64, 32)",1e-05,0.001,0.7627578168158322,0.7586205899466559,0.7004940414924915,0.7686637347587763,6742.222222222223,9685.333333333334,0.09854613427011587,0.7707317073170732,0.7692464032495823,0.7644728587091005,0.7671660246330884
"tanh_adam__hls-(100,)__alpha-1e-05__lr-0.0001",tanh,adam,"(100,)",1e-05,0.0001,0.7585427318787656,0.764522017972215,0.6809595509547708,0.7622766683852911,6742.222222222223,9685.333333333334,0.07801802596284638,0.7624258404746209,0.7988857023179735,0.7622327043895194,0.756631526439797
"tanh_adam__hls-(100,)__alpha-0.0001__lr-0.0001",tanh,adam,"(100,)",0.0001,0.0001,0.7585427318787656,0.764522017972215,0.6809595509547708,0.7622766683852911,6742.222222222223,9685.333333333334,0.07801802596284638,0.7624258404746209,0.7988857023179735,0.7622327043895194,0.756631526439797
"tanh_adam__hls-(100,)__alpha-0.001__lr-0.0001",tanh,adam,"(100,)",0.001,0.0001,0.7585427318787656,0.764522017972215,0.6809595509547708,0.7622766683852911,6742.222222222223,9685.333333333334,0.07801802596284638,0.7624258404746209,0.7988857023179735,0.7622327043895194,0.756631526439797
"tanh_adam__hls-(64,32)__alpha-0.0001__lr-0.0001",tanh,adam,"(64, 32)",0.0001,0.0001,0.7592541557290642,0.745377270307779,0.6858728518784027,0.763654035819463,6742.222222222223,9685.333333333334,0.0875570468462797,0.765062623599209,0.7855610622318313,0.7620941778643682,0.759999464671139
"tanh_adam__hls-(64,32)__alpha-0.001__lr-0.0001",tanh,adam,"(64, 32)",0.001,0.0001,0.7592541557290642,0.745377270307779,0.6858728518784027,0.763654035819463,6742.222222222223,9685.333333333334,0.0875570468462797,0.765062623599209,0.7855610622318313,0.7620941778643682,0.759999464671139
"tanh_adam__hls-(64,32)__alpha-1e-05__lr-0.0001",tanh,adam,"(64, 32)",1e-05,0.0001,0.7592541557290642,0.7456150331013333,0.6854343073353566,0.7635720198196401,6742.222222222223,9685.333333333334,0.08724692363580157,0.765062623599209,0.7858721537569389,0.7618041359333904,0.7598028897190628
